frame	time_s	dir	data
13232	33.549748	OUT	06010000000000000000000000000000000000000000000000000000000000000000000000000000000000000000000000000000000000000000000000000000
13234	33.552247	IN 	0616050522030f0f0f20202003058105005200000000000000000000000000000000000000000000000000000000000000009411dc05dc05dc05000000000000
13237	33.552697	OUT	06020000000000000000000000000000000000000000000000000000000000000000000000000000000000000000000000000000000000000000000000000000
13241	33.556242	IN 	05000160f00080000f09000200000000000000000060f000ffffff0000000000000000f60100000000000000e00100000000060060f0003e3a0000020480da02
13243	33.556309	OUT	06030000000000000000000000000000000000000000000000000000000000000000000000000000000000000000000000000000000000000000000000000000
13245	33.561246	IN 	66000000000000000000050916010100000000002c2df008ffff000000000000000000f600000000000000000000000000000000000000000000000000000000
13365	33.817072	OUT	03080000000000000000000000000000000000000000000000000000000000000000000000000000000000000000000000000000000000000000000000000000
13367	33.821247	IN 	0300436f6e6669672e786d6c00000000000000000000000000000000000000000000000000000000000000000000000000000000000000000000000000000000
13740	34.621999	OUT	65204001000000000000000000000000000000000000000000000000000000000000000000000000000000000000000000000000000000000000000000000000
13744	34.625251	IN 	65200000000000000000000000000000000000000000000000000000000000000000000000000000000000000000000000000000000000000000000000000000
13746	34.625278	OUT	65202001000000000000000000000000000000000000000000000000000000000000000000000000000000000000000000000000000000000000000000000000
13750	34.628251	IN 	65204641353033000000000000000000000000000000000000000000000000000000000000000000000000000000000000000000000000000000000000000000
13752	34.628269	OUT	65200001000000000000000000000000000000000000000000000000000000000000000000000000000000000000000000000000000000000000000000000000
13756	34.631256	IN 	6520483035553030333236382d303530304d363537392d3030353200000000000000000000000000000000000000000000000000000000000000000000000000
13758	34.631275	OUT	66000001000000000000050900010100000000002c2df008ffff000000000000000000f600000000000000000000000000000000000000000000000000000000
13764	34.636257	IN 	66000000000000000000050916010100000000002c2df008ffff000000000000000000f600000000000000000000000000000000000000000000000000000000
13766	34.636276	OUT	67000000000000000000000000000000000000000000000000000000000000000000000000000000000000000000000000000000000000000000000000000000
13770	34.640252	IN 	6700ffffffffffffffffffffffffffffffffffffffffffffffffffffffffffffffffffffffff0000000000000000000000000000000000000000000000000000
13814	34.710172	OUT	6520a050020100000000000000000000000000000000000000000000000000000000000000000000000000000000000000000000000000000000000000000000
13816	34.712253	IN 	6520000000000000000000000001000000000000000080881300c302000080102700000000000000000000000000000000000000000000000000000000000000
13860	34.772971	OUT	6520c050020100000000000000000000000000000000000000000000000000000000000000000000000000000000000000000000000000000000000000000000
13864	34.775257	IN 	6520c302000080204e00c30200008050c300c302000080a08601c302000080400d03000000000000000000000000000000000000000000000000000000000000
13895	34.834574	OUT	6520e050020100000000000000000000000000000000000000000000000000000000000000000000000000000000000000000000000000000000000000000000
13897	34.836255	IN 	6520c30200008020a107c30200008040420fc302000080006a18c3020000ffff5d3e000000000000000000000000000000000000000000000000000000000000
19986	46.297363	IN 	05000160f00000000f09000200000000000000000060f000ffffff00000000005d3e00f60100000000000000e001d7000000060160f0003e3a0000224080da02
22972	51.139892	OUT	05000146ec0000000f09000200000000000000000060f000ffff000000000000000000f601000000000000000000000000000000000000000000000000000000
22976	51.143405	IN 	05000146ec0000000f09000200000000000000000060f000ffffff0000000000000000f60100000000000000e00152010200060160f0003e3a0000220080da02
23046	51.277410	IN 	05000146ec0000000f09000200000000000000000060f000ffffff0000000000000000f60100000000000000e00185010100060146ec003e3a0000224080da02
23116	51.410412	IN 	05000146ec0000000f09000200000000000000000060f000ffffff0000000000000000f60100000000000000e001ed000100060146ec003e3a0000620080da02
24016	52.798904	OUT	050001d8f50000000f09000200000000000000000060f000ffff000000000000000000f601000000000000000000000000000000000000000000000000000000
24020	52.802426	IN 	050001d8f50000000f09000200000000000000000060f000ffffff0000000000000000f60100000000000000e001a9000000060146ec003e3a0000620080da02
24096	52.936424	IN 	050001d8f50000000f09000200000000000000000060f000ffffff0000000000000000f60100000000000000e001a90000000601d8f5003e3a0000620080da02
24771	53.974210	OUT	050002d8f50000000f09000200000000000000000060f000ffff000000000000000000f601000000000000000000000000000000000000000000000000000000
24784	53.977454	IN 	050002d8f50000000f09000200000000000000000060f000ffffff0000000000000000f60100000000000000e001e60008000601d8f5003e3a0000620080da02
24937	54.252455	IN 	050002d8f50080000f09000200000000000000000060f000ffffff0000000000000000f60100000000000000e0011b0108000600d8f5003e3a0000024580da02
25001	54.369557	OUT	03080000000000000000000000000000000000000000000000000000000000000000000000000000000000000000000000000000000000000000000000000000
25003	54.373440	IN 	0300436f6e6669672e786d6c00000000000000000000000000000000000000000000000000000000000000000000000000000000000000000000000000000000
25014	54.386440	IN 	050002d8f56600000f09000200000000000000000060f000ffffff0000000000000000f60100000000000000e001960004000600d8f5003e3a0000020080da02
25058	54.431889	OUT	6520a060020100000000000000000000000000000000000000000000000000000000000000000000000000000000000000000000000000000000000000000000
25062	54.434438	IN 	6520000000000000000000000001000000000000000080881300c302000080102700000000000000000000000000000000000000000000000000000000000000
25105	54.494788	OUT	6520c060020100000000000000000000000000000000000000000000000000000000000000000000000000000000000000000000000000000000000000000000
25109	54.497440	IN 	6520c302000080204e00c30200008050c300c302000080a08601c302000080400d03000000000000000000000000000000000000000000000000000000000000
25154	54.557864	OUT	6520e060020100000000000000000000000000000000000000000000000000000000000000000000000000000000000000000000000000000000000000000000
25158	54.560438	IN 	6520c30200008020a107c30200008040420fc302000080006a18c3020000ffff5d3e000000000000000000000000000000000000000000000000000000000000
26051	55.877265	OUT	050003d8f50000000f09000200000000000000000060f000ffff000000000000000000f601000000000000000000000000000000000000000000000000000000
26053	55.880451	IN 	050003d8f50000000f09000200000000000000000060f000ffffff0000000000000000f60100000000000000e0010f0106000600d8f5003e3a0000024080da02
26220	56.147453	IN 	050003d8f50080000f09000200000000000000000060f000ffffff0000000000000000f60100000000000000e00159010a000600d8f5003e3a0000020580da02
26322	56.278213	OUT	03080000000000000000000000000000000000000000000000000000000000000000000000000000000000000000000000000000000000000000000000000000
26328	56.282458	IN 	0300436f6e6669672e786d6c00000000000000000000000000000000000000000000000000000000000000000000000000000000000000000000000000000000
26378	56.340298	OUT	6520a070020100000000000000000000000000000000000000000000000000000000000000000000000000000000000000000000000000000000000000000000
26380	56.342454	IN 	6520000000000000000000000001000000000000000080881300c302000080102700000000000000000000000000000000000000000000000000000000000000
26404	56.402890	OUT	6520c070020100000000000000000000000000000000000000000000000000000000000000000000000000000000000000000000000000000000000000000000
26408	56.405456	IN 	6520c302000080204e00c30200008050c300c302000080a08601c302000080400d03000000000000000000000000000000000000000000000000000000000000
26416	56.415453	IN 	050003d8f50080000f09000200000000000000000060f0a0ffffff00000000000d0300f60100000000000000e001030212000600d8f5003e3a0000020580da02
26452	56.465900	OUT	6520e070020100000000000000000000000000000000000000000000000000000000000000000000000000000000000000000000000000000000000000000000
26455	56.468454	IN 	6520c30200008020a107c30200008040420fc302000080006a18c3020000ffff5d3e000000000000000000000000000000000000000000000000000000000000
26490	56.549458	IN 	050003d8f50000000f09000200000000000000000060f000ffffff00000000005d3e00f60100000000000000e001000000000600d8f5003e3a0000020080da02
27015	57.355418	OUT	050002d8f50000000f09000200000000000000000060f000ffff000000000000000000f601000000000000000000000000000000000000000000000000000000
27017	57.358464	IN 	050002d8f50000000f09000200000000000000000060f000ffffff0000000000000000f60100000000000000e001180107000600d8f5003e3a0000020080da02
27181	57.625466	IN 	050002d8f50080000f09000200000000000000000060f000ffffff0000000000000000f60100000000000000e001b30007000600d8f5003e3a0000020580da02
27245	57.748682	OUT	03080000000000000000000000000000000000000000000000000000000000000000000000000000000000000000000000000000000000000000000000000000
27247	57.751467	IN 	0300436f6e6669672e786d6c00000000000000000000000000000000000000000000000000000000000000000000000000000000000000000000000000000000
27251	57.759472	IN 	050002d8f56680000f09000200000000000000000060f000ffffff0000000000000000f60100000000000000e001c20007000600d8f5003e3a0000020580da02
27286	57.812164	OUT	6520a060020100000000000000000000000000000000000000000000000000000000000000000000000000000000000000000000000000000000000000000000
27290	57.814467	IN 	6520000000000000000000000001000000000000000080881300c302000080102700000000000000000000000000000000000000000000000000000000000000
27319	57.874946	OUT	6520c060020100000000000000000000000000000000000000000000000000000000000000000000000000000000000000000000000000000000000000000000
27321	57.877478	IN 	6520c302000080204e00c30200008050c300c302000080a08601c302000080400d03000000000000000000000000000000000000000000000000000000000000
27326	57.892469	IN 	050002d8f50000000f09000200000000000000000060f0a0ffffff00000000000d0300f60100000000000000e001200000000600d8f5003e3a0000024080da02
27360	57.936918	OUT	6520e060020100000000000000000000000000000000000000000000000000000000000000000000000000000000000000000000000000000000000000000000
27362	57.939467	IN 	6520c30200008020a107c30200008040420fc302000080006a18c3020000ffff5d3e000000000000000000000000000000000000000000000000000000000000
27456	58.061174	OUT	6520e060020100000000000000000000000000000000000000000000000000000000000000000000000000000000000000000000000000000000000000000000
27460	58.063469	IN 	6520c30200008020a107c30200008040420fc302000080006a18c3020000ffff5d3e000000000000000000000000000000000000000000000000000000000000
27806	58.668694	OUT	050001d8f50080000f09000200000000000000000060f000ffff000000000000000000f601000000000000000000000000000000000000000000000000000000
27810	58.671475	IN 	050001d8f50080000f09000200000000000000000060f000ffffff0000000000000000f60100000000000000e001a50114000600d8f5003e3a0000024080da02
27960	58.946481	IN 	050001d8f50080000f09000200000000000000000060f000ffffff0000000000000000f60100000000000000e0013f0109000600d8f5003e3a0000024580da02
28078	59.063007	OUT	03080000000000000000000000000000000000000000000000000000000000000000000000000000000000000000000000000000000000000000000000000000
28086	59.066482	IN 	0300436f6e6669672e786d6c00000000000000000000000000000000000000000000000000000000000000000000000000000000000000000000000000000000
28100	59.080479	IN 	050001d8f56600000f09000200000000000000000060f000ffffff0000000000000000f60100000000000000e001cc000d000600d8f5003e3a0000024080da02
28121	59.124607	OUT	6520a050020100000000000000000000000000000000000000000000000000000000000000000000000000000000000000000000000000000000000000000000
28125	59.126480	IN 	6520000000000000000000000001000000000000000080881300c302000080102700000000000000000000000000000000000000000000000000000000000000
28162	59.187158	OUT	6520c050020100000000000000000000000000000000000000000000000000000000000000000000000000000000000000000000000000000000000000000000
28164	59.189482	IN 	6520c302000080204e00c30200008050c300c302000080a08601c302000080400d03000000000000000000000000000000000000000000000000000000000000
28193	59.250507	OUT	6520e050020100000000000000000000000000000000000000000000000000000000000000000000000000000000000000000000000000000000000000000000
28195	59.252485	IN 	6520c30200008020a107c30200008040420fc302000080006a18c3020000ffff5d3e000000000000000000000000000000000000000000000000000000000000
28966	60.571696	IN 	050001d8f50000000f09000200000000000000000060f000ffffff00000000005d3e00f60100000000000000e001aa032a000601d8f5003e3a0000220080da02
30640	63.207787	OUT	050101d8f50000000f09000200000000000000000060f000ffff000000000000000000f601000000000000000000000000000000000000000000000000000000
30644	63.210522	IN 	050001d8f50000000f09000200000000000000000060f000ffffff0000000000000000f60100000000000000e0011c010d000601d8f5003e3a0000220080da02
30666	63.270473	OUT	050101d8f50000000f09000200000000000000000060f000ffff000000000000000000f601000000000000000000000000000000000000000000000000000000
30670	63.273525	IN 	050001d8f50000000f09000200000000000000000060f000ffffff0000000000000000f60100000000000000e001fc0224000601d8f5003e3a0000224080da02
30708	63.325255	OUT	050101d8f50000000f09000200000000000000000060f000ffff000000000000000000f601000000000000000000000000000000000000000000000000000000
30710	63.328518	IN 	050001d8f50000000f09000200000000000000000060f000ffffff0000000000000000f60100000000000000e001fc0224000601d8f5003e3a0000224080da02
30738	63.394131	OUT	050101d8f50000000f09000200000000000000000060f000ffff000000000000000000f601000000000000000000000000000000000000000000000000000000
30745	63.397520	IN 	050001d8f50000000f09000200000000000000000060f000ffffff0000000000000000f60100000000000000e001580210000601d8f5003e3a0000220080da02
30790	63.457315	OUT	050101d8f50000000f09000200000000000000000060f000ffff000000000000000000f601000000000000000000000000000000000000000000000000000000
30792	63.460521	IN 	050001d8f50000000f09000200000000000000000060f000ffffff0000000000000000f60100000000000000e001650214000601d8f5003e3a0000224080da02
30814	63.521339	OUT	050101d8f50000000f09000200000000000000000060f000ffff000000000000000000f601000000000000000000000000000000000000000000000000000000
30818	63.524522	IN 	050001d8f50000000f09000200000000000000000060f000ffffff0000000000000000f60100000000000000e001650214000601d8f5003e3a0000224080da02
30858	63.582893	OUT	050101d8f50000000f09000200000000000000000060f000ffff000000000000000000f601000000000000000000000000000000000000000000000000000000
30864	63.586526	IN 	050001d8f50000000f09000200000000000000000060f000ffffff0000000000000000f60100000000000000e001540107000601d8f5003e3a0000220080da02
30888	63.644229	OUT	050101d8f50000000f09000200000000000000000060f000ffff000000000000000000f601000000000000000000000000000000000000000000000000000000
30914	63.647522	IN 	050001d8f50000000f09000200000000000000000060f000ffffff0000000000000000f60100000000000000e001540107000601d8f5003e3a0000220080da02
30954	63.706118	OUT	050101d8f50000000f09000200000000000000000060f000ffff000000000000000000f601000000000000000000000000000000000000000000000000000000
30958	63.709523	IN 	050001d8f50000000f09000200000000000000000060f000ffffff0000000000000000f60100000000000000e001af0110000601d8f5003e3a0000224080da02
30985	63.765237	OUT	050101d8f50000000f09000200000000000000000060f000ffff000000000000000000f601000000000000000000000000000000000000000000000000000000
30987	63.768523	IN 	050001d8f50000000f09000200000000000000000060f000ffffff0000000000000000f60100000000000000e001260324000601d8f5003e3a0000220080da02
31030	63.832050	OUT	050101d8f50000000f09000200000000000000000060f000ffff000000000000000000f601000000000000000000000000000000000000000000000000000000
31036	63.835523	IN 	050001d8f50000000f09000200000000000000000060f000ffffff0000000000000000f60100000000000000e001260324000601d8f5003e3a0000220080da02
31057	63.895265	OUT	050101d8f50000000f09000200000000000000000060f000ffff000000000000000000f601000000000000000000000000000000000000000000000000000000
31062	63.898527	IN 	050001d8f50000000f09000200000000000000000060f000ffffff0000000000000000f60100000000000000e001a4011e000601d8f5003e3a0000224080da02
31102	63.957203	OUT	050101d8f50000000f09000200000000000000000060f000ffff000000000000000000f601000000000000000000000000000000000000000000000000000000
31106	63.960526	IN 	050001d8f50000000f09000200000000000000000060f000ffffff0000000000000000f60100000000000000e001a4011e000601d8f5003e3a0000224080da02
31127	64.019838	OUT	050101d8f50000000f09000200000000000000000060f000ffff000000000000000000f601000000000000000000000000000000000000000000000000000000
31130	64.022533	IN 	050001d8f50000000f09000200000000000000000060f000ffffff0000000000000000f60100000000000000e001eb0123000601d8f5003e3a0000220080da02
31199	64.082703	OUT	050101d8f50000000f09000200000000000000000060f000ffff000000000000000000f601000000000000000000000000000000000000000000000000000000
31205	64.085525	IN 	050001d8f50000000f09000200000000000000000060f000ffffff0000000000000000f60100000000000000e0017b0235000601d8f5003e3a0000224080da02
31228	64.144337	OUT	050101d8f50000000f09000200000000000000000060f000ffff000000000000000000f601000000000000000000000000000000000000000000000000000000
31234	64.147531	IN 	050001d8f50000000f09000200000000000000000060f000ffffff0000000000000000f60100000000000000e0017b0235000601d8f5003e3a0000224080da02
31272	64.203560	OUT	050101d8f50000000f09000200000000000000000060f000ffff000000000000000000f601000000000000000000000000000000000000000000000000000000
31276	64.206527	IN 	050001d8f50000000f09000200000000000000000060f000ffffff0000000000000000f60100000000000000e001a8010c000601d8f5003e3a0000220080da02
31299	64.270102	OUT	050101d8f50000000f09000200000000000000000060f000ffff000000000000000000f601000000000000000000000000000000000000000000000000000000
31304	64.273653	IN 	050001d8f50000000f09000200000000000000000060f000ffffff0000000000000000f60100000000000000e0013d010d000601d8f5003e3a0000224080da02
31344	64.332179	OUT	050101d8f50000000f09000200000000000000000060f000ffff000000000000000000f601000000000000000000000000000000000000000000000000000000
31350	64.335530	IN 	050001d8f50000000f09000200000000000000000060f000ffffff0000000000000000f60100000000000000e0013d010d000601d8f5003e3a0000224080da02
31369	64.393229	OUT	050101d8f50000000f09000200000000000000000060f000ffff000000000000000000f601000000000000000000000000000000000000000000000000000000
31376	64.396530	IN 	050001d8f50000000f09000200000000000000000060f000ffffff0000000000000000f60100000000000000e0019e022d000601d8f5003e3a0000220080da02
31424	64.457553	OUT	050101d8f50000000f09000200000000000000000060f000ffff000000000000000000f601000000000000000000000000000000000000000000000000000000
31428	64.460529	IN 	050001d8f50000000f09000200000000000000000060f000ffffff0000000000000000f60100000000000000e0019e022d000601d8f5003e3a0000220080da02
31447	64.519132	OUT	050101d8f50000000f09000200000000000000000060f000ffff000000000000000000f601000000000000000000000000000000000000000000000000000000
31452	64.522542	IN 	050001d8f50000000f09000200000000000000000060f000ffffff0000000000000000f60100000000000000e001b1042d000601d8f5003e3a0000224080da02
31494	64.582460	OUT	050101d8f50000000f09000200000000000000000060f000ffff000000000000000000f601000000000000000000000000000000000000000000000000000000
31498	64.585530	IN 	050001d8f50000000f09000200000000000000000060f000ffffff0000000000000000f60100000000000000e001de021f000601d8f5003e3a0000220080da02
31529	64.644490	OUT	050101d8f50000000f09000200000000000000000060f000ffff000000000000000000f601000000000000000000000000000000000000000000000000000000
31548	64.647532	IN 	050001d8f50000000f09000200000000000000000060f000ffffff0000000000000000f60100000000000000e001de021f000601d8f5003e3a0000220080da02
31588	64.706260	OUT	050101d8f50000000f09000200000000000000000060f000ffff000000000000000000f601000000000000000000000000000000000000000000000000000000
31592	64.709531	IN 	050001d8f50000000f09000200000000000000000060f000ffffff0000000000000000f60100000000000000e0012e043b000601d8f5003e3a0000224080da02
31612	64.763798	OUT	050101d8f50000000f09000200000000000000000060f000ffff000000000000000000f601000000000000000000000000000000000000000000000000000000
31618	64.766533	IN 	050001d8f50000000f09000200000000000000000060f000ffffff0000000000000000f60100000000000000e0012e043b000601d8f5003e3a0000224080da02
31664	64.830092	OUT	050101d8f50000000f09000200000000000000000060f000ffff000000000000000000f601000000000000000000000000000000000000000000000000000000
31668	64.833532	IN 	050001d8f50000000f09000200000000000000000060f000ffffff0000000000000000f60100000000000000e0014c011c000601d8f5003e3a0000220080da02
31689	64.892982	OUT	050101d8f50000000f09000200000000000000000060f000ffff000000000000000000f601000000000000000000000000000000000000000000000000000000
31696	64.896534	IN 	050001d8f50000000f09000200000000000000000060f000ffffff0000000000000000f60100000000000000e001af0005000601d8f5003e3a0000224080da02
31736	64.955318	OUT	050101d8f50000000f09000200000000000000000060f000ffff000000000000000000f601000000000000000000000000000000000000000000000000000000
31740	64.958538	IN 	050001d8f50000000f09000200000000000000000060f000ffffff0000000000000000f60100000000000000e001af0005000601d8f5003e3a0000224080da02
31762	65.018345	OUT	050101d8f50000000f09000200000000000000000060f000ffff000000000000000000f601000000000000000000000000000000000000000000000000000000
31766	65.021536	IN 	050001d8f50000000f09000200000000000000000060f000ffffff0000000000000000f60100000000000000e001170107000601d8f5003e3a0000220080da02
31830	65.077539	OUT	050101d8f50000000f09000200000000000000000060f000ffff000000000000000000f601000000000000000000000000000000000000000000000000000000
31832	65.080535	IN 	050001d8f50000000f09000200000000000000000060f000ffffff0000000000000000f60100000000000000e001dd0006000601d8f5003e3a0000224080da02
31862	65.143155	OUT	050101d8f50000000f09000200000000000000000060f000ffff000000000000000000f601000000000000000000000000000000000000000000000000000000
31868	65.146540	IN 	050001d8f50000000f09000200000000000000000060f000ffffff0000000000000000f60100000000000000e001dd0006000601d8f5003e3a0000224080da02
31908	65.205295	OUT	050101d8f50000000f09000200000000000000000060f000ffff000000000000000000f601000000000000000000000000000000000000000000000000000000
31912	65.208537	IN 	050001d8f50000000f09000200000000000000000060f000ffffff0000000000000000f60100000000000000e001ea0223000601d8f5003e3a0000220080da02
31933	65.268422	OUT	050101d8f50000000f09000200000000000000000060f000ffff000000000000000000f601000000000000000000000000000000000000000000000000000000
31937	65.271537	IN 	050001d8f50000000f09000200000000000000000060f000ffffff0000000000000000f60100000000000000e001680222000601d8f5003e3a0000224080da02
31978	65.330759	OUT	050101d8f50000000f09000200000000000000000060f000ffff000000000000000000f601000000000000000000000000000000000000000000000000000000
31982	65.333537	IN 	050001d8f50000000f09000200000000000000000060f000ffffff0000000000000000f60100000000000000e001680222000601d8f5003e3a0000224080da02
32003	65.394304	OUT	050101d8f50000000f09000200000000000000000060f000ffff000000000000000000f601000000000000000000000000000000000000000000000000000000
32010	65.397538	IN 	050001d8f50000000f09000200000000000000000060f000ffffff0000000000000000f60100000000000000e001970007000601d8f5003e3a0000220080da02
32053	65.456178	OUT	050101d8f50000000f09000200000000000000000060f000ffff000000000000000000f601000000000000000000000000000000000000000000000000000000
32057	65.459539	IN 	050001d8f50000000f09000200000000000000000060f000ffffff0000000000000000f60100000000000000e001970007000601d8f5003e3a0000220080da02
32081	65.515334	OUT	050101d8f50000000f09000200000000000000000060f000ffff000000000000000000f601000000000000000000000000000000000000000000000000000000
32083	65.518539	IN 	050001d8f50000000f09000200000000000000000060f000ffffff0000000000000000f60100000000000000e0015b0108000601d8f5003e3a0000224080da02
32126	65.580837	OUT	050101d8f50000000f09000200000000000000000060f000ffff000000000000000000f601000000000000000000000000000000000000000000000000000000
32130	65.583539	IN 	050001d8f50000000f09000200000000000000000060f000ffffff0000000000000000f60100000000000000e001a8011c000601d8f5003e3a0000220080da02
32151	65.643161	OUT	050101d8f50000000f09000200000000000000000060f000ffff000000000000000000f601000000000000000000000000000000000000000000000000000000
32158	65.646541	IN 	050001d8f50000000f09000200000000000000000060f000ffffff0000000000000000f60100000000000000e001a8011c000601d8f5003e3a0000220080da02
32222	65.705097	OUT	050101d8f50000000f09000200000000000000000060f000ffff000000000000000000f601000000000000000000000000000000000000000000000000000000
32226	65.708542	IN 	050001d8f50000000f09000200000000000000000060f000ffffff0000000000000000f60100000000000000e001410435000601d8f5003e3a0000224080da02
32247	65.768024	OUT	050101d8f50000000f09000200000000000000000060f000ffff000000000000000000f601000000000000000000000000000000000000000000000000000000
32251	65.771542	IN 	050001d8f50000000f09000200000000000000000060f000ffffff0000000000000000f60100000000000000e001aa0109000601d8f5003e3a0000220080da02
32298	65.830176	OUT	050101d8f50000000f09000200000000000000000060f000ffff000000000000000000f601000000000000000000000000000000000000000000000000000000
32302	65.833542	IN 	050001d8f50000000f09000200000000000000000060f000ffffff0000000000000000f60100000000000000e001aa0109000601d8f5003e3a0000220080da02
32324	65.892435	OUT	050101d8f50000000f09000200000000000000000060f000ffff000000000000000000f601000000000000000000000000000000000000000000000000000000
32330	65.895544	IN 	050001d8f50000000f09000200000000000000000060f000ffffff0000000000000000f60100000000000000e001620116000601d8f5003e3a0000224080da02
32368	65.951596	OUT	050101d8f50000000f09000200000000000000000060f000ffff000000000000000000f601000000000000000000000000000000000000000000000000000000
32370	65.954546	IN 	050001d8f50000000f09000200000000000000000060f000ffffff0000000000000000f60100000000000000e001620116000601d8f5003e3a0000224080da02
32395	66.017730	OUT	050101d8f50000000f09000200000000000000000060f000ffff000000000000000000f601000000000000000000000000000000000000000000000000000000
32399	66.020546	IN 	050001d8f50000000f09000200000000000000000060f000ffffff0000000000000000f60100000000000000e0017e0005000601d8f5003e3a0000220080da02
32466	66.080315	OUT	050101d8f50000000f09000200000000000000000060f000ffff000000000000000000f601000000000000000000000000000000000000000000000000000000
32468	66.083545	IN 	050001d8f50000000f09000200000000000000000060f000ffffff0000000000000000f60100000000000000e001f8021a000601d8f5003e3a0000224080da02
32493	66.141870	OUT	050101d8f50000000f09000200000000000000000060f000ffff000000000000000000f601000000000000000000000000000000000000000000000000000000
32495	66.144545	IN 	050001d8f50000000f09000200000000000000000060f000ffffff0000000000000000f60100000000000000e001f8021a000601d8f5003e3a0000224080da02
32546	66.205037	OUT	050101d8f50000000f09000200000000000000000060f000ffff000000000000000000f601000000000000000000000000000000000000000000000000000000
32548	66.208548	IN 	050001d8f50000000f09000200000000000000000060f000ffffff0000000000000000f60100000000000000e001f0021c000601d8f5003e3a0000220080da02
32569	66.267056	OUT	050101d8f50000000f09000200000000000000000060f000ffff000000000000000000f601000000000000000000000000000000000000000000000000000000
32574	66.270547	IN 	050001d8f50000000f09000200000000000000000060f000ffffff0000000000000000f60100000000000000e001f0021c000601d8f5003e3a0000220080da02
32616	66.330171	OUT	050101d8f50000000f09000200000000000000000060f000ffff000000000000000000f601000000000000000000000000000000000000000000000000000000
32618	66.333551	IN 	050001d8f50000000f09000200000000000000000060f000ffffff0000000000000000f60100000000000000e001240339000601d8f5003e3a0000224080da02
32640	66.392366	OUT	050101d8f50000000f09000200000000000000000060f000ffff000000000000000000f601000000000000000000000000000000000000000000000000000000
32646	66.395552	IN 	050001d8f50000000f09000200000000000000000060f000ffffff0000000000000000f60100000000000000e001e8032a000601d8f5003e3a0000220080da02
32684	66.454268	OUT	050101d8f50000000f09000200000000000000000060f000ffff000000000000000000f601000000000000000000000000000000000000000000000000000000
32690	66.457557	IN 	050001d8f50000000f09000200000000000000000060f000ffffff0000000000000000f60100000000000000e001e8032a000601d8f5003e3a0000220080da02
32715	66.514011	OUT	050101d8f50000000f09000200000000000000000060f000ffff000000000000000000f601000000000000000000000000000000000000000000000000000000
32720	66.517551	IN 	050001d8f50000000f09000200000000000000000060f000ffffff0000000000000000f60100000000000000e0013a0317000601d8f5003e3a0000224080da02
32762	66.577733	OUT	050101d8f50000000f09000200000000000000000060f000ffff000000000000000000f601000000000000000000000000000000000000000000000000000000
32766	66.580552	IN 	050001d8f50000000f09000200000000000000000060f000ffffff0000000000000000f60100000000000000e0013a0317000601d8f5003e3a0000224080da02
32788	66.640135	OUT	050101d8f50000000f09000200000000000000000060f000ffff000000000000000000f601000000000000000000000000000000000000000000000000000000
32792	66.643558	IN 	050001d8f50000000f09000200000000000000000060f000ffffff0000000000000000f60100000000000000e0012b0107000601d8f5003e3a0000220080da02
32858	66.703312	OUT	050101d8f50000000f09000200000000000000000060f000ffff000000000000000000f601000000000000000000000000000000000000000000000000000000
32862	66.706554	IN 	050001d8f50000000f09000200000000000000000060f000ffffff0000000000000000f60100000000000000e001370225000601d8f5003e3a0000224080da02
32883	66.766028	OUT	050101d8f50000000f09000200000000000000000060f000ffff000000000000000000f601000000000000000000000000000000000000000000000000000000
32888	66.769552	IN 	050001d8f50000000f09000200000000000000000060f000ffffff0000000000000000f60100000000000000e001370225000601d8f5003e3a0000224080da02
32929	66.825618	OUT	050101d8f50000000f09000200000000000000000060f000ffff000000000000000000f601000000000000000000000000000000000000000000000000000000
32933	66.828553	IN 	050001d8f50000000f09000200000000000000000060f000ffffff0000000000000000f60100000000000000e001cc0109000601d8f5003e3a0000220080da02
32959	66.891331	OUT	050101d8f50000000f09000200000000000000000060f000ffff000000000000000000f601000000000000000000000000000000000000000000000000000000
32964	66.894552	IN 	050001d8f50000000f09000200000000000000000060f000ffffff0000000000000000f60100000000000000e001b30006000601d8f5003e3a0000224080da02
33004	66.953923	OUT	050101d8f50000000f09000200000000000000000060f000ffff000000000000000000f601000000000000000000000000000000000000000000000000000000
33010	66.957554	IN 	050001d8f50000000f09000200000000000000000060f000ffffff0000000000000000f60100000000000000e001b30006000601d8f5003e3a0000224080da02
33031	67.016230	OUT	050101d8f50000000f09000200000000000000000060f000ffff000000000000000000f601000000000000000000000000000000000000000000000000000000
33036	67.019554	IN 	050001d8f50000000f09000200000000000000000060f000ffffff0000000000000000f60100000000000000e001020216000601d8f5003e3a0000220080da02
33081	67.079267	OUT	050101d8f50000000f09000200000000000000000060f000ffff000000000000000000f601000000000000000000000000000000000000000000000000000000
33089	67.082557	IN 	050001d8f50000000f09000200000000000000000060f000ffffff0000000000000000f60100000000000000e001020216000601d8f5003e3a0000220080da02
33126	67.142610	OUT	050101d8f50000000f09000200000000000000000060f000ffff000000000000000000f601000000000000000000000000000000000000000000000000000000
33132	67.145554	IN 	050001d8f50000000f09000200000000000000000060f000ffffff0000000000000000f60100000000000000e001110325000601d8f5003e3a0000224080da02
33180	67.205279	OUT	050101d8f50000000f09000200000000000000000060f000ffff000000000000000000f601000000000000000000000000000000000000000000000000000000
33182	67.208555	IN 	050001d8f50000000f09000200000000000000000060f000ffffff0000000000000000f60100000000000000e001d5021e000601d8f5003e3a0000220080da02
33203	67.265419	OUT	050101d8f50000000f09000200000000000000000060f000ffff000000000000000000f601000000000000000000000000000000000000000000000000000000
33206	67.268557	IN 	050001d8f50000000f09000200000000000000000060f000ffffff0000000000000000f60100000000000000e001d5021e000601d8f5003e3a0000220080da02
33248	67.329475	OUT	050101d8f50000000f09000200000000000000000060f000ffff000000000000000000f601000000000000000000000000000000000000000000000000000000
33252	67.332558	IN 	050001d8f50000000f09000200000000000000000060f000ffffff0000000000000000f60100000000000000e001600112000601d8f5003e3a0000224080da02
33273	67.391140	OUT	050101d8f50000000f09000200000000000000000060f000ffff000000000000000000f601000000000000000000000000000000000000000000000000000000
33278	67.394559	IN 	050001d8f50000000f09000200000000000000000060f000ffffff0000000000000000f60100000000000000e001b2021c000601d8f5003e3a0000220080da02
33336	67.454233	OUT	050101d8f50000000f09000200000000000000000060f000ffff000000000000000000f601000000000000000000000000000000000000000000000000000000
33342	67.457558	IN 	050001d8f50000000f09000200000000000000000060f000ffffff0000000000000000f60100000000000000e001b2021c000601d8f5003e3a0000220080da02
33380	67.516244	OUT	050101d8f50000000f09000200000000000000000060f000ffff000000000000000000f601000000000000000000000000000000000000000000000000000000
33387	67.519558	IN 	050001d8f50000000f09000200000000000000000060f000ffffff0000000000000000f60100000000000000e001980115000601d8f5003e3a0000224080da02
33446	67.578266	OUT	050101d8f50000000f09000200000000000000000060f000ffff000000000000000000f601000000000000000000000000000000000000000000000000000000
33450	67.581558	IN 	050001d8f50000000f09000200000000000000000060f000ffffff0000000000000000f60100000000000000e001980115000601d8f5003e3a0000224080da02
33479	67.641221	OUT	050101d8f50000000f09000200000000000000000060f000ffff000000000000000000f601000000000000000000000000000000000000000000000000000000
33484	67.644558	IN 	050001d8f50000000f09000200000000000000000060f000ffffff0000000000000000f60100000000000000e001b50449000601d8f5003e3a0000220080da02
33550	67.704471	OUT	050101d8f50000000f09000200000000000000000060f000ffff000000000000000000f601000000000000000000000000000000000000000000000000000000
33554	67.707563	IN 	050001d8f50000000f09000200000000000000000060f000ffffff0000000000000000f60100000000000000e001930113000601d8f5003e3a0000224080da02
33575	67.765278	OUT	050101d8f50000000f09000200000000000000000060f000ffff000000000000000000f601000000000000000000000000000000000000000000000000000000
33580	67.768561	IN 	050001d8f50000000f09000200000000000000000060f000ffffff0000000000000000f60100000000000000e001930113000601d8f5003e3a0000224080da02
33622	67.826141	OUT	050101d8f50000000f09000200000000000000000060f000ffff000000000000000000f601000000000000000000000000000000000000000000000000000000
33626	67.829560	IN 	050001d8f50000000f09000200000000000000000060f000ffffff0000000000000000f60100000000000000e001510109000601d8f5003e3a0000220080da02
33657	67.889558	OUT	050101d8f50000000f09000200000000000000000060f000ffff000000000000000000f601000000000000000000000000000000000000000000000000000000
33662	67.892564	IN 	050001d8f50000000f09000200000000000000000060f000ffffff0000000000000000f60100000000000000e001cc0006000601d8f5003e3a0000224080da02
33704	67.953392	OUT	050101d8f50000000f09000200000000000000000060f000ffff000000000000000000f601000000000000000000000000000000000000000000000000000000
33710	67.956564	IN 	050001d8f50000000f09000200000000000000000060f000ffffff0000000000000000f60100000000000000e001cc0006000601d8f5003e3a0000224080da02
33729	68.015384	OUT	050101d8f50000000f09000200000000000000000060f000ffff000000000000000000f601000000000000000000000000000000000000000000000000000000
33734	68.018566	IN 	050001d8f50000000f09000200000000000000000060f000ffffff0000000000000000f60100000000000000e001840337000601d8f5003e3a0000220080da02
33774	68.077029	OUT	050101d8f50000000f09000200000000000000000060f000ffff000000000000000000f601000000000000000000000000000000000000000000000000000000
33778	68.080562	IN 	050001d8f50000000f09000200000000000000000060f000ffffff0000000000000000f60100000000000000e001840337000601d8f5003e3a0000220080da02
33828	68.140549	OUT	050101d8f50000000f09000200000000000000000060f000ffff000000000000000000f601000000000000000000000000000000000000000000000000000000
33832	68.143563	IN 	050001d8f50000000f09000200000000000000000060f000ffffff0000000000000000f60100000000000000e001a40313000601d8f5003e3a000022c080da02
33875	68.202665	OUT	050101d8f50000000f09000200000000000000000060f000ffff000000000000000000f601000000000000000000000000000000000000000000000000000000
33887	68.205564	IN 	050001d8f50000000f09000200000000000000000060f000ffffff0000000000000000f60100000000000000e0019e0332000601d8f5003e3a0000220080da02
33909	68.263683	OUT	050101d8f50000000f09000200000000000000000060f000ffff000000000000000000f601000000000000000000000000000000000000000000000000000000
33914	68.266572	IN 	050001d8f50000000f09000200000000000000000060f000ffffff0000000000000000f60100000000000000e0019e0332000601d8f5003e3a0000220080da02
33958	68.329456	OUT	050101d8f50000000f09000200000000000000000060f000ffff000000000000000000f601000000000000000000000000000000000000000000000000000000
33960	68.332565	IN 	050001d8f50000000f09000200000000000000000060f000ffffff0000000000000000f60100000000000000e0018c0328000601d8f5003e3a0000224080da02
33985	68.391193	OUT	050101d8f50000000f09000200000000000000000060f000ffff000000000000000000f601000000000000000000000000000000000000000000000000000000
33990	68.394572	IN 	050001d8f50000000f09000200000000000000000060f000ffffff0000000000000000f60100000000000000e0014b031f000601d8f5003e3a0000220080da02
34030	68.452378	OUT	050101d8f50000000f09000200000000000000000060f000ffff000000000000000000f601000000000000000000000000000000000000000000000000000000
34036	68.455841	IN 	050001d8f50000000f09000200000000000000000060f000ffffff0000000000000000f60100000000000000e0014b031f000601d8f5003e3a0000220080da02
34058	68.515346	OUT	050101d8f50000000f09000200000000000000000060f000ffff000000000000000000f601000000000000000000000000000000000000000000000000000000
34062	68.518568	IN 	050001d8f50000000f09000200000000000000000060f000ffffff0000000000000000f60100000000000000e00130020e000601d8f5003e3a0000224080da02
34108	68.577645	OUT	050101d8f50000000f09000200000000000000000060f000ffff000000000000000000f601000000000000000000000000000000000000000000000000000000
34112	68.580568	IN 	050001d8f50000000f09000200000000000000000060f000ffffff0000000000000000f60100000000000000e00130020e000601d8f5003e3a0000224080da02
35588	70.966475	OUT	050101d8f50000000f09000200000000000000000060f000ffff000000000000000000f601000000000000000000000000000000000000000000000000000000
35591	70.969592	IN 	050001d8f50000000f09000200000000000000000060f000ffffff0000000000000000f60100000000000000e0013b0107000601d8f5003e3a0000224080da02
35614	71.028994	OUT	050101d8f50000000f09000200000000000000000060f000ffff000000000000000000f601000000000000000000000000000000000000000000000000000000
35618	71.032590	IN 	050001d8f50000000f09000200000000000000000060f000ffffff0000000000000000f60100000000000000e0016b0328000601d8f5003e3a0000220080da02
35658	71.092650	OUT	050101d8f50000000f09000200000000000000000060f000ffff000000000000000000f601000000000000000000000000000000000000000000000000000000
35663	71.095593	IN 	050001d8f50000000f09000200000000000000000060f000ffffff0000000000000000f60100000000000000e0018a0211000601d8f5003e3a0000224080da02
35710	71.156267	OUT	050101d8f50000000f09000200000000000000000060f000ffff000000000000000000f601000000000000000000000000000000000000000000000000000000
35714	71.159592	IN 	050001d8f50000000f09000200000000000000000060f000ffffff0000000000000000f60100000000000000e0018a0211000601d8f5003e3a0000224080da02
35754	71.218909	OUT	050101d8f50000000f09000200000000000000000060f000ffff000000000000000000f601000000000000000000000000000000000000000000000000000000
35757	71.221593	IN 	050001d8f50000000f09000200000000000000000060f000ffffff0000000000000000f60100000000000000e001ff0116000601d8f5003e3a0000220080da02
35783	71.281732	OUT	050101d8f50000000f09000200000000000000000060f000ffff000000000000000000f601000000000000000000000000000000000000000000000000000000
35785	71.284593	IN 	050001d8f50000000f09000200000000000000000060f000ffffff0000000000000000f60100000000000000e001ff0116000601d8f5003e3a0000220080da02
35832	71.344867	OUT	050101d8f50000000f09000200000000000000000060f000ffff000000000000000000f601000000000000000000000000000000000000000000000000000000
35835	71.347596	IN 	050001d8f50000000f09000200000000000000000060f000ffffff0000000000000000f60100000000000000e0013b0107000601d8f5003e3a0000224080da02
35858	71.406796	OUT	050101d8f50000000f09000200000000000000000060f000ffff000000000000000000f601000000000000000000000000000000000000000000000000000000
35860	71.409596	IN 	050001d8f50000000f09000200000000000000000060f000ffffff0000000000000000f60100000000000000e00126010f000601d8f5003e3a0000220080da02
35902	71.469225	OUT	050101d8f50000000f09000200000000000000000060f000ffff000000000000000000f601000000000000000000000000000000000000000000000000000000
35905	71.472596	IN 	050001d8f50000000f09000200000000000000000060f000ffffff0000000000000000f60100000000000000e00126010f000601d8f5003e3a0000220080da02
35928	71.530731	OUT	050101d8f50000000f09000200000000000000000060f000ffff000000000000000000f601000000000000000000000000000000000000000000000000000000
35930	71.533596	IN 	050001d8f50000000f09000200000000000000000060f000ffffff0000000000000000f60100000000000000e001420320000601d8f5003e3a0000224080da02
35972	71.594135	OUT	050101d8f50000000f09000200000000000000000060f000ffff000000000000000000f601000000000000000000000000000000000000000000000000000000
35977	71.597599	IN 	050001d8f50000000f09000200000000000000000060f000ffffff0000000000000000f60100000000000000e001fb011f000601d8f5003e3a0000220080da02
36006	71.655532	OUT	050101d8f50000000f09000200000000000000000060f000ffff000000000000000000f601000000000000000000000000000000000000000000000000000000
36008	71.658600	IN 	050001d8f50000000f09000200000000000000000060f000ffffff0000000000000000f60100000000000000e001fb011f000601d8f5003e3a0000220080da02
36074	71.718157	OUT	050101d8f50000000f09000200000000000000000060f000ffff000000000000000000f601000000000000000000000000000000000000000000000000000000
36077	71.721596	IN 	050001d8f50000000f09000200000000000000000060f000ffffff0000000000000000f60100000000000000e0011f0222000601d8f5003e3a0000224080da02
36100	71.781612	OUT	050101d8f50000000f09000200000000000000000060f000ffff000000000000000000f601000000000000000000000000000000000000000000000000000000
36102	71.784598	IN 	050001d8f50000000f09000200000000000000000060f000ffffff0000000000000000f60100000000000000e0011f0222000601d8f5003e3a0000224080da02
36144	71.842754	OUT	050101d8f50000000f09000200000000000000000060f000ffff000000000000000000f601000000000000000000000000000000000000000000000000000000
36148	71.845597	IN 	050001d8f50000000f09000200000000000000000060f000ffffff0000000000000000f60100000000000000e0013d0337000601d8f5003e3a0000220080da02
36172	71.905024	OUT	050101d8f50000000f09000200000000000000000060f000ffff000000000000000000f601000000000000000000000000000000000000000000000000000000
36176	71.908600	IN 	050001d8f50000000f09000200000000000000000060f000ffffff0000000000000000f60100000000000000e00175021b000601d8f5003e3a0000224080da02
36219	71.967249	OUT	050101d8f50000000f09000200000000000000000060f000ffff000000000000000000f601000000000000000000000000000000000000000000000000000000
36222	71.970606	IN 	050001d8f50000000f09000200000000000000000060f000ffffff0000000000000000f60100000000000000e00175021b000601d8f5003e3a0000224080da02
36248	72.029877	OUT	050101d8f50000000f09000200000000000000000060f000ffff000000000000000000f601000000000000000000000000000000000000000000000000000000
36250	72.032602	IN 	050001d8f50000000f09000200000000000000000060f000ffffff0000000000000000f60100000000000000e001c6010d000601d8f5003e3a0000220080da02
36292	72.091623	OUT	050101d8f50000000f09000200000000000000000060f000ffff000000000000000000f601000000000000000000000000000000000000000000000000000000
36294	72.094601	IN 	050001d8f50000000f09000200000000000000000060f000ffffff0000000000000000f60100000000000000e001c6010d000601d8f5003e3a0000220080da02
36344	72.155413	OUT	050101d8f50000000f09000200000000000000000060f000ffff000000000000000000f601000000000000000000000000000000000000000000000000000000
36348	72.158677	IN 	050001d8f50000000f09000200000000000000000060f000ffffff0000000000000000f60100000000000000e00176032d000601d8f5003e3a0000224080da02
36388	72.217323	OUT	050101d8f50000000f09000200000000000000000060f000ffff000000000000000000f601000000000000000000000000000000000000000000000000000000
36391	72.220602	IN 	050001d8f50000000f09000200000000000000000060f000ffffff0000000000000000f60100000000000000e00165042b000601d8f5003e3a0000220080da02
36414	72.280340	OUT	050101d8f50000000f09000200000000000000000060f000ffff000000000000000000f601000000000000000000000000000000000000000000000000000000
36418	72.283602	IN 	050001d8f50000000f09000200000000000000000060f000ffffff0000000000000000f60100000000000000e00165042b000601d8f5003e3a0000220080da02
36480	72.341889	OUT	050101d8f50000000f09000200000000000000000060f000ffff000000000000000000f601000000000000000000000000000000000000000000000000000000
36482	72.344602	IN 	050001d8f50000000f09000200000000000000000060f000ffffff0000000000000000f60100000000000000e001ce0223000601d8f5003e3a0000224080da02
36522	72.404519	OUT	050101d8f50000000f09000200000000000000000060f000ffff000000000000000000f601000000000000000000000000000000000000000000000000000000
36528	72.407605	IN 	050001d8f50000000f09000200000000000000000060f000ffffff0000000000000000f60100000000000000e00167010c000601d8f5003e3a0000220080da02
36580	72.466331	OUT	050101d8f50000000f09000200000000000000000060f000ffff000000000000000000f601000000000000000000000000000000000000000000000000000000
36584	72.469604	IN 	050001d8f50000000f09000200000000000000000060f000ffffff0000000000000000f60100000000000000e00167010c000601d8f5003e3a0000220080da02
36618	72.529141	OUT	050101d8f50000000f09000200000000000000000060f000ffff000000000000000000f601000000000000000000000000000000000000000000000000000000
36620	72.532608	IN 	050001d8f50000000f09000200000000000000000060f000ffffff0000000000000000f60100000000000000e001fe0116000601d8f5003e3a0000224080da02
36666	72.591265	OUT	050101d8f50000000f09000200000000000000000060f000ffff000000000000000000f601000000000000000000000000000000000000000000000000000000
36668	72.594607	IN 	050001d8f50000000f09000200000000000000000060f000ffffff0000000000000000f60100000000000000e001fe0116000601d8f5003e3a0000224080da02
36715	72.655476	OUT	050101d8f50000000f09000200000000000000000060f000ffff000000000000000000f601000000000000000000000000000000000000000000000000000000
36719	72.658642	IN 	050001d8f50000000f09000200000000000000000060f000ffffff0000000000000000f60100000000000000e001160106000601d8f5003e3a0000220080da02
36794	72.718414	OUT	050101d8f50000000f09000200000000000000000060f000ffff000000000000000000f601000000000000000000000000000000000000000000000000000000
36797	72.721606	IN 	050001d8f50000000f09000200000000000000000060f000ffffff0000000000000000f60100000000000000e001f00007000601d8f5003e3a0000224080da02
36822	72.780063	OUT	050101d8f50000000f09000200000000000000000060f000ffff000000000000000000f601000000000000000000000000000000000000000000000000000000
36828	72.783607	IN 	050001d8f50000000f09000200000000000000000060f000ffffff0000000000000000f60100000000000000e001f00007000601d8f5003e3a0000224080da02
36876	72.842591	OUT	050101d8f50000000f09000200000000000000000060f000ffff000000000000000000f601000000000000000000000000000000000000000000000000000000
36881	72.845608	IN 	050001d8f50000000f09000200000000000000000060f000ffffff0000000000000000f60100000000000000e001c70005000601d8f5003e3a0000220080da02
36902	72.904179	OUT	050101d8f50000000f09000200000000000000000060f000ffff000000000000000000f601000000000000000000000000000000000000000000000000000000
36908	72.907677	IN 	050001d8f50000000f09000200000000000000000060f000ffffff0000000000000000f60100000000000000e001b50222000601d8f5003e3a0000224080da02
38187	74.868272	OUT	050101d8f50000000f09000200000000000000000060f000ffff000000000000000000f601000000000000000000000000000000000000000000000000000000
38189	74.871630	IN 	050001d8f50000000f09000200000000000000000060f000ffffff0000000000000000f60100000000000000e0016e0115000601d8f5003e3a0000220080da02
38220	74.921604	OUT	050101d8f50000000f09000200000000000000000060f000ffff000000000000000000f601000000000000000000000000000000000000000000000000000000
38222	74.924631	IN 	050001d8f50000000f09000200000000000000000060f000ffffff0000000000000000f60100000000000000e00189021a000601d8f5003e3a0000224080da02
38257	74.994605	OUT	050101d8f50000000f09000200000000000000000060f000ffff000000000000000000f601000000000000000000000000000000000000000000000000000000
38261	74.997631	IN 	050001d8f50000000f09000200000000000000000060f000ffffff0000000000000000f60100000000000000e00189021a000601d8f5003e3a0000224080da02
38301	75.056842	OUT	050101d8f50000000f09000200000000000000000060f000ffff000000000000000000f601000000000000000000000000000000000000000000000000000000
38305	75.059627	IN 	050001d8f50000000f09000200000000000000000060f000ffffff0000000000000000f60100000000000000e0014c0112000601d8f5003e3a0000220080da02
38335	75.119414	OUT	050101d8f50000000f09000200000000000000000060f000ffff000000000000000000f601000000000000000000000000000000000000000000000000000000
38337	75.122631	IN 	050001d8f50000000f09000200000000000000000060f000ffffff0000000000000000f60100000000000000e0012d0213000601d8f5003e3a0000224080da02
38398	75.181423	OUT	050101d8f50000000f09000200000000000000000060f000ffff000000000000000000f601000000000000000000000000000000000000000000000000000000
38402	75.184629	IN 	050001d8f50000000f09000200000000000000000060f000ffffff0000000000000000f60100000000000000e0012d0213000601d8f5003e3a0000224080da02
38431	75.244944	OUT	050101d8f50000000f09000200000000000000000060f000ffff000000000000000000f601000000000000000000000000000000000000000000000000000000
38433	75.247631	IN 	050001d8f50000000f09000200000000000000000060f000ffffff0000000000000000f60100000000000000e001e90123000601d8f5003e3a0000220080da02
38470	75.308779	OUT	050101d8f50000000f09000200000000000000000060f000ffff000000000000000000f601000000000000000000000000000000000000000000000000000000
38474	75.311632	IN 	050001d8f50000000f09000200000000000000000060f000ffffff0000000000000000f60100000000000000e001e90123000601d8f5003e3a0000220080da02
38501	75.365906	OUT	050101d8f50000000f09000200000000000000000060f000ffff000000000000000000f601000000000000000000000000000000000000000000000000000000
38503	75.368631	IN 	050001d8f50000000f09000200000000000000000060f000ffffff0000000000000000f60100000000000000e00105054f000601d8f5003e3a0000224080da02
38546	75.433178	OUT	050101d8f50000000f09000200000000000000000060f000ffff000000000000000000f601000000000000000000000000000000000000000000000000000000
38552	75.436631	IN 	050001d8f50000000f09000200000000000000000060f000ffffff0000000000000000f60100000000000000e0013a011e000601d8f5003e3a0000220080da02
38579	75.496040	OUT	050101d8f50000000f09000200000000000000000060f000ffff000000000000000000f601000000000000000000000000000000000000000000000000000000
38581	75.499633	IN 	050001d8f50000000f09000200000000000000000060f000ffffff0000000000000000f60100000000000000e0013a011e000601d8f5003e3a0000220080da02
38618	75.558395	OUT	050101d8f50000000f09000200000000000000000060f000ffff000000000000000000f601000000000000000000000000000000000000000000000000000000
38622	75.561632	IN 	050001d8f50000000f09000200000000000000000060f000ffffff0000000000000000f60100000000000000e0016d010c000601d8f5003e3a0000224080da02
38649	75.622034	OUT	050101d8f50000000f09000200000000000000000060f000ffff000000000000000000f601000000000000000000000000000000000000000000000000000000
38653	75.625632	IN 	050001d8f50000000f09000200000000000000000060f000ffffff0000000000000000f60100000000000000e001b70005000601d8f5003e3a0000220080da02
38690	75.685574	OUT	050101d8f50000000f09000200000000000000000060f000ffff000000000000000000f601000000000000000000000000000000000000000000000000000000
38694	75.688634	IN 	050001d8f50000000f09000200000000000000000060f000ffffff0000000000000000f60100000000000000e001b70005000601d8f5003e3a0000220080da02
38751	75.748752	OUT	050101d8f50000000f09000200000000000000000060f000ffff000000000000000000f601000000000000000000000000000000000000000000000000000000
38753	75.751634	IN 	050001d8f50000000f09000200000000000000000060f000ffffff0000000000000000f60100000000000000e001ca032f000601d8f5003e3a0000224080da02
38790	75.812406	OUT	050101d8f50000000f09000200000000000000000060f000ffff000000000000000000f601000000000000000000000000000000000000000000000000000000
38796	75.815636	IN 	050001d8f50000000f09000200000000000000000060f000ffffff0000000000000000f60100000000000000e0018d0343000601d8f5003e3a0000220080da02
38823	75.875498	OUT	050101d8f50000000f09000200000000000000000060f000ffff000000000000000000f601000000000000000000000000000000000000000000000000000000
38825	75.878636	IN 	050001d8f50000000f09000200000000000000000060f000ffffff0000000000000000f60100000000000000e0018d0343000601d8f5003e3a0000220080da02
38862	75.938176	OUT	050101d8f50000000f09000200000000000000000060f000ffff000000000000000000f601000000000000000000000000000000000000000000000000000000
38866	75.941637	IN 	050001d8f50000000f09000200000000000000000060f000ffffff0000000000000000f60100000000000000e0010f0432000601d8f5003e3a0000224080da02
38893	76.002252	OUT	050101d8f50000000f09000200000000000000000060f000ffff000000000000000000f601000000000000000000000000000000000000000000000000000000
38897	76.005647	IN 	050001d8f50000000f09000200000000000000000060f000ffffff0000000000000000f60100000000000000e0010f0432000601d8f5003e3a0000224080da02
38935	76.062917	OUT	050101d8f50000000f09000200000000000000000060f000ffff000000000000000000f601000000000000000000000000000000000000000000000000000000
38939	76.065641	IN 	050001d8f50000000f09000200000000000000000060f000ffffff0000000000000000f60100000000000000e0014e020e000601d8f5003e3a0000220080da02
38989	76.128805	OUT	050101d8f50000000f09000200000000000000000060f000ffff000000000000000000f601000000000000000000000000000000000000000000000000000000
38991	76.131640	IN 	050001d8f50000000f09000200000000000000000060f000ffffff0000000000000000f60100000000000000e001570316000601d8f5003e3a0000224080da02
39066	76.190225	OUT	050101d8f50000000f09000200000000000000000060f000ffff000000000000000000f601000000000000000000000000000000000000000000000000000000
39070	76.193637	IN 	050001d8f50000000f09000200000000000000000060f000ffffff0000000000000000f60100000000000000e001570316000601d8f5003e3a0000224080da02
39113	76.253145	OUT	050101d8f50000000f09000200000000000000000060f000ffff000000000000000000f601000000000000000000000000000000000000000000000000000000
39119	76.256784	IN 	050001d8f50000000f09000200000000000000000060f000ffffff0000000000000000f60100000000000000e001050223000601d8f5003e3a0000220080da02
39172	76.316143	OUT	050101d8f50000000f09000200000000000000000060f000ffff000000000000000000f601000000000000000000000000000000000000000000000000000000
39176	76.319640	IN 	050001d8f50000000f09000200000000000000000060f000ffffff0000000000000000f60100000000000000e00189032f000601d8f5003e3a0000224080da02
39219	76.379867	OUT	050101d8f50000000f09000200000000000000000060f000ffff000000000000000000f601000000000000000000000000000000000000000000000000000000
39221	76.382640	IN 	050001d8f50000000f09000200000000000000000060f000ffffff0000000000000000f60100000000000000e00189032f000601d8f5003e3a0000224080da02
39278	76.442264	OUT	050101d8f50000000f09000200000000000000000060f000ffff000000000000000000f601000000000000000000000000000000000000000000000000000000
39286	76.445640	IN 	050001d8f50000000f09000200000000000000000060f000ffffff0000000000000000f60100000000000000e001470116000601d8f5003e3a0000220080da02
39311	76.504190	OUT	050101d8f50000000f09000200000000000000000060f000ffff000000000000000000f601000000000000000000000000000000000000000000000000000000
39315	76.507643	IN 	050001d8f50000000f09000200000000000000000060f000ffffff0000000000000000f60100000000000000e001470116000601d8f5003e3a0000220080da02
39362	76.567628	OUT	050101d8f50000000f09000200000000000000000060f000ffff000000000000000000f601000000000000000000000000000000000000000000000000000000
39368	76.570647	IN 	050001d8f50000000f09000200000000000000000060f000ffffff0000000000000000f60100000000000000e001860333000601d8f5003e3a0000224080da02
39409	76.629307	OUT	050101d8f50000000f09000200000000000000000060f000ffff000000000000000000f601000000000000000000000000000000000000000000000000000000
39413	76.632642	IN 	050001d8f50000000f09000200000000000000000060f000ffffff0000000000000000f60100000000000000e0017f0212000601d8f5003e3a0000220080da02
39462	76.692086	OUT	050101d8f50000000f09000200000000000000000060f000ffff000000000000000000f601000000000000000000000000000000000000000000000000000000
39468	76.695643	IN 	050001d8f50000000f09000200000000000000000060f000ffffff0000000000000000f60100000000000000e0017f0212000601d8f5003e3a0000220080da02
39535	76.755500	OUT	050101d8f50000000f09000200000000000000000060f000ffff000000000000000000f601000000000000000000000000000000000000000000000000000000
39539	76.758644	IN 	050001d8f50000000f09000200000000000000000060f000ffffff0000000000000000f60100000000000000e001e6010d000601d8f5003e3a0000224080da02
39578	76.817424	OUT	050101d8f50000000f09000200000000000000000060f000ffff000000000000000000f601000000000000000000000000000000000000000000000000000000
39582	76.820644	IN 	050001d8f50000000f09000200000000000000000060f000ffffff0000000000000000f60100000000000000e001230311000601d8f5003e3a0000220080da02
39609	76.878803	OUT	050101d8f50000000f09000200000000000000000060f000ffff000000000000000000f601000000000000000000000000000000000000000000000000000000
39611	76.881649	IN 	050001d8f50000000f09000200000000000000000060f000ffffff0000000000000000f60100000000000000e001230311000601d8f5003e3a0000220080da02
39646	76.935938	OUT	050101d8f50000000f09000200000000000000000060f000ffff000000000000000000f601000000000000000000000000000000000000000000000000000000
39648	76.938648	IN 	050001d8f50000000f09000200000000000000000060f000ffffff0000000000000000f60100000000000000e00176010f000601d8f5003e3a0000224080da02
39679	77.003505	OUT	050101d8f50000000f09000200000000000000000060f000ffff000000000000000000f601000000000000000000000000000000000000000000000000000000
39683	77.006872	IN 	050001d8f50000000f09000200000000000000000060f000ffffff0000000000000000f60100000000000000e00176010f000601d8f5003e3a0000224080da02
39720	77.065428	OUT	050101d8f50000000f09000200000000000000000060f000ffff000000000000000000f601000000000000000000000000000000000000000000000000000000
39724	77.068646	IN 	050001d8f50000000f09000200000000000000000060f000ffffff0000000000000000f60100000000000000e001b7022f000601d8f5003e3a0000220080da02
39757	77.127007	OUT	050101d8f50000000f09000200000000000000000060f000ffff000000000000000000f601000000000000000000000000000000000000000000000000000000
39759	77.130650	IN 	050001d8f50000000f09000200000000000000000060f000ffffff0000000000000000f60100000000000000e001430108000601d8f5003e3a0000224080da02
39799	77.189308	OUT	050101d8f50000000f09000200000000000000000060f000ffff000000000000000000f601000000000000000000000000000000000000000000000000000000
39809	77.192647	IN 	050001d8f50000000f09000200000000000000000060f000ffffff0000000000000000f60100000000000000e001430108000601d8f5003e3a0000224080da02
39851	77.252584	OUT	050101d8f50000000f09000200000000000000000060f000ffff000000000000000000f601000000000000000000000000000000000000000000000000000000
39855	77.255659	IN 	050001d8f50000000f09000200000000000000000060f000ffffff0000000000000000f60100000000000000e0016b0008000601d8f5003e3a0000220080da02
39892	77.315368	OUT	050101d8f50000000f09000200000000000000000060f000ffff000000000000000000f601000000000000000000000000000000000000000000000000000000
39896	77.318650	IN 	050001d8f50000000f09000200000000000000000060f000ffffff0000000000000000f60100000000000000e0016b0008000601d8f5003e3a0000220080da02
39921	77.374083	OUT	050101d8f50000000f09000200000000000000000060f000ffff000000000000000000f601000000000000000000000000000000000000000000000000000000
39925	77.377650	IN 	050001d8f50000000f09000200000000000000000060f000ffffff0000000000000000f60100000000000000e00186021e000601d8f5003e3a0000224080da02
39968	77.440766	OUT	050101d8f50000000f09000200000000000000000060f000ffff000000000000000000f601000000000000000000000000000000000000000000000000000000
39972	77.443650	IN 	050001d8f50000000f09000200000000000000000060f000ffffff0000000000000000f60100000000000000e0019a010e000601d8f5003e3a0000220080da02
39999	77.504282	OUT	050101d8f50000000f09000200000000000000000060f000ffff000000000000000000f601000000000000000000000000000000000000000000000000000000
40003	77.507656	IN 	050001d8f50000000f09000200000000000000000060f000ffffff0000000000000000f60100000000000000e0019a010e000601d8f5003e3a0000220080da02
40040	77.566297	OUT	050101d8f50000000f09000200000000000000000060f000ffff000000000000000000f601000000000000000000000000000000000000000000000000000000
40044	77.569651	IN 	050001d8f50000000f09000200000000000000000060f000ffffff0000000000000000f60100000000000000e00184010c000601d8f5003e3a0000224080da02
40073	77.628499	OUT	050101d8f50000000f09000200000000000000000060f000ffff000000000000000000f601000000000000000000000000000000000000000000000000000000
40075	77.631651	IN 	050001d8f50000000f09000200000000000000000060f000ffffff0000000000000000f60100000000000000e00137043b000601d8f5003e3a0000220080da02
40110	77.685172	OUT	050101d8f50000000f09000200000000000000000060f000ffff000000000000000000f601000000000000000000000000000000000000000000000000000000
40112	77.688652	IN 	050001d8f50000000f09000200000000000000000060f000ffffff0000000000000000f60100000000000000e00137043b000601d8f5003e3a0000220080da02
40144	77.753326	OUT	050101d8f50000000f09000200000000000000000060f000ffff000000000000000000f601000000000000000000000000000000000000000000000000000000
40171	77.756657	IN 	050001d8f50000000f09000200000000000000000060f000ffffff0000000000000000f60100000000000000e001a40355000601d8f5003e3a0000224080da02
40214	77.816196	OUT	050101d8f50000000f09000200000000000000000060f000ffff000000000000000000f601000000000000000000000000000000000000000000000000000000
40218	77.819653	IN 	050001d8f50000000f09000200000000000000000060f000ffffff0000000000000000f60100000000000000e001a40355000601d8f5003e3a0000224080da02
40245	77.879251	OUT	050101d8f50000000f09000200000000000000000060f000ffff000000000000000000f601000000000000000000000000000000000000000000000000000000
40247	77.882657	IN 	050001d8f50000000f09000200000000000000000060f000ffffff0000000000000000f60100000000000000e00107010a000601d8f5003e3a0000220080da02
40284	77.942509	OUT	050101d8f50000000f09000200000000000000000060f000ffff000000000000000000f601000000000000000000000000000000000000000000000000000000
40290	77.945656	IN 	050001d8f50000000f09000200000000000000000060f000ffffff0000000000000000f60100000000000000e0011a021c000601d8f5003e3a0000224080da02
40317	78.005549	OUT	050101d8f50000000f09000200000000000000000060f000ffff000000000000000000f601000000000000000000000000000000000000000000000000000000
40319	78.008658	IN 	050001d8f50000000f09000200000000000000000060f000ffffff0000000000000000f60100000000000000e0011a021c000601d8f5003e3a0000224080da02
40356	78.068252	OUT	050101d8f50000000f09000200000000000000000060f000ffff000000000000000000f601000000000000000000000000000000000000000000000000000000
40360	78.071655	IN 	050001d8f50000000f09000200000000000000000060f000ffffff0000000000000000f60100000000000000e001490406000601d8f5003e3a0000220080da02
40393	78.126026	OUT	050101d8f50000000f09000200000000000000000060f000ffff000000000000000000f601000000000000000000000000000000000000000000000000000000
40395	78.129660	IN 	050001d8f50000000f09000200000000000000000060f000ffffff0000000000000000f60100000000000000e001d9011e000601d8f5003e3a0000224080da02
40435	78.193235	OUT	050101d8f50000000f09000200000000000000000060f000ffff000000000000000000f601000000000000000000000000000000000000000000000000000000
40447	78.196659	IN 	050001d8f50000000f09000200000000000000000060f000ffffff0000000000000000f60100000000000000e001d9011e000601d8f5003e3a0000224080da02
40489	78.256125	OUT	050101d8f50000000f09000200000000000000000060f000ffff000000000000000000f601000000000000000000000000000000000000000000000000000000
40491	78.259660	IN 	050001d8f50000000f09000200000000000000000060f000ffffff0000000000000000f60100000000000000e00192043d000601d8f5003e3a0000220080da02
40528	78.318154	OUT	050101d8f50000000f09000200000000000000000060f000ffff000000000000000000f601000000000000000000000000000000000000000000000000000000
40532	78.321658	IN 	050001d8f50000000f09000200000000000000000060f000ffffff0000000000000000f60100000000000000e00192043d000601d8f5003e3a0000220080da02
40559	78.380929	OUT	050101d8f50000000f09000200000000000000000060f000ffff000000000000000000f601000000000000000000000000000000000000000000000000000000
40561	78.383659	IN 	050001d8f50000000f09000200000000000000000060f000ffffff0000000000000000f60100000000000000e0017b0111000601d8f5003e3a0000224080da02
40601	78.443951	OUT	050101d8f50000000f09000200000000000000000060f000ffff000000000000000000f601000000000000000000000000000000000000000000000000000000
40607	78.446659	IN 	050001d8f50000000f09000200000000000000000060f000ffffff0000000000000000f60100000000000000e00146010b000601d8f5003e3a0000220080da02
40637	78.506517	OUT	050101d8f50000000f09000200000000000000000060f000ffff000000000000000000f601000000000000000000000000000000000000000000000000000000
40639	78.509660	IN 	050001d8f50000000f09000200000000000000000060f000ffffff0000000000000000f60100000000000000e00146010b000601d8f5003e3a0000220080da02
40672	78.562479	OUT	050101d8f50000000f09000200000000000000000060f000ffff000000000000000000f601000000000000000000000000000000000000000000000000000000
40676	78.565661	IN 	050001d8f50000000f09000200000000000000000060f000ffffff0000000000000000f60100000000000000e0013c0218000601d8f5003e3a0000224080da02
40707	78.628166	OUT	050101d8f50000000f09000200000000000000000060f000ffff000000000000000000f601000000000000000000000000000000000000000000000000000000
40709	78.631661	IN 	050001d8f50000000f09000200000000000000000060f000ffffff0000000000000000f60100000000000000e001050328000601d8f5003e3a0000220080da02
40748	78.692672	OUT	050101d8f50000000f09000200000000000000000060f000ffff000000000000000000f601000000000000000000000000000000000000000000000000000000
40752	78.695662	IN 	050001d8f50000000f09000200000000000000000060f000ffffff0000000000000000f60100000000000000e001050328000601d8f5003e3a0000220080da02
40785	78.755652	OUT	050101d8f50000000f09000200000000000000000060f000ffff000000000000000000f601000000000000000000000000000000000000000000000000000000
40805	78.758662	IN 	050001d8f50000000f09000200000000000000000060f000ffffff0000000000000000f60100000000000000e001290325000601d8f5003e3a0000224080da02
40848	78.818379	OUT	050101d8f50000000f09000200000000000000000060f000ffff000000000000000000f601000000000000000000000000000000000000000000000000000000
40852	78.821664	IN 	050001d8f50000000f09000200000000000000000060f000ffffff0000000000000000f60100000000000000e001290325000601d8f5003e3a0000224080da02
40879	78.881635	OUT	050101d8f50000000f09000200000000000000000060f000ffff000000000000000000f601000000000000000000000000000000000000000000000000000000
40881	78.884667	IN 	050001d8f50000000f09000200000000000000000060f000ffffff0000000000000000f60100000000000000e0018c0210000601d8f5003e3a0000220080da02
40918	78.944357	OUT	050101d8f50000000f09000200000000000000000060f000ffff000000000000000000f601000000000000000000000000000000000000000000000000000000
40924	78.947664	IN 	050001d8f50000000f09000200000000000000000060f000ffffff0000000000000000f60100000000000000e001990213000601d8f5003e3a0000224080da02
40951	79.005206	OUT	050101d8f50000000f09000200000000000000000060f000ffff000000000000000000f601000000000000000000000000000000000000000000000000000000
40953	79.008666	IN 	050001d8f50000000f09000200000000000000000060f000ffffff0000000000000000f60100000000000000e001990213000601d8f5003e3a0000224080da02
40994	79.069733	OUT	050101d8f50000000f09000200000000000000000060f000ffff000000000000000000f601000000000000000000000000000000000000000000000000000000
40998	79.072665	IN 	050001d8f50000000f09000200000000000000000060f000ffffff0000000000000000f60100000000000000e001e10007000601d8f5003e3a0000220080da02
41024	79.123835	OUT	050101d8f50000000f09000200000000000000000060f000ffff000000000000000000f601000000000000000000000000000000000000000000000000000000
41028	79.126668	IN 	050001d8f50000000f09000200000000000000000060f000ffffff0000000000000000f60100000000000000e001e10007000601d8f5003e3a0000220080da02
41075	79.195438	OUT	050101d8f50000000f09000200000000000000000060f000ffff000000000000000000f601000000000000000000000000000000000000000000000000000000
41085	79.198665	IN 	050001d8f50000000f09000200000000000000000060f000ffffff0000000000000000f60100000000000000e001d4010f000601d8f5003e3a0000224080da02
41127	79.258507	OUT	050101d8f50000000f09000200000000000000000060f000ffff000000000000000000f601000000000000000000000000000000000000000000000000000000
41129	79.261669	IN 	050001d8f50000000f09000200000000000000000060f000ffffff0000000000000000f60100000000000000e001020321000601d8f5003e3a0000220080da02
41166	79.320353	OUT	050101d8f50000000f09000200000000000000000060f000ffff000000000000000000f601000000000000000000000000000000000000000000000000000000
41170	79.323813	IN 	050001d8f50000000f09000200000000000000000060f000ffffff0000000000000000f60100000000000000e001020321000601d8f5003e3a0000220080da02
41197	79.383325	OUT	050101d8f50000000f09000200000000000000000060f000ffff000000000000000000f601000000000000000000000000000000000000000000000000000000
41201	79.386671	IN 	050001d8f50000000f09000200000000000000000060f000ffffff0000000000000000f60100000000000000e001f3011f000601d8f5003e3a0000224080da02
41238	79.447192	OUT	050101d8f50000000f09000200000000000000000060f000ffff000000000000000000f601000000000000000000000000000000000000000000000000000000
41242	79.450672	IN 	050001d8f50000000f09000200000000000000000060f000ffffff0000000000000000f60100000000000000e001340224000601d8f5003e3a0000220080da02
41275	79.505282	OUT	050101d8f50000000f09000200000000000000000060f000ffff000000000000000000f601000000000000000000000000000000000000000000000000000000
41277	79.508673	IN 	050001d8f50000000f09000200000000000000000060f000ffffff0000000000000000f60100000000000000e001340224000601d8f5003e3a0000220080da02
41306	79.560299	OUT	050101d8f50000000f09000200000000000000000060f000ffff000000000000000000f601000000000000000000000000000000000000000000000000000000
41310	79.563670	IN 	050001d8f50000000f09000200000000000000000060f000ffffff0000000000000000f60100000000000000e001a90233000601d8f5003e3a0000224080da02
41343	79.622509	OUT	050101d8f50000000f09000200000000000000000060f000ffff000000000000000000f601000000000000000000000000000000000000000000000000000000
41347	79.625671	IN 	050001d8f50000000f09000200000000000000000060f000ffffff0000000000000000f60100000000000000e001a90233000601d8f5003e3a0000224080da02
41376	79.685532	OUT	050101d8f50000000f09000200000000000000000060f000ffff000000000000000000f601000000000000000000000000000000000000000000000000000000
41380	79.688670	IN 	050001d8f50000000f09000200000000000000000060f000ffffff0000000000000000f60100000000000000e001ff010b000601d8f5003e3a0000220080da02
41415	79.749415	OUT	050101d8f50000000f09000200000000000000000060f000ffff000000000000000000f601000000000000000000000000000000000000000000000000000000
41417	79.752674	IN 	050001d8f50000000f09000200000000000000000060f000ffffff0000000000000000f60100000000000000e00177010d000601d8f5003e3a0000224080da02
41476	79.812454	OUT	050101d8f50000000f09000200000000000000000060f000ffff000000000000000000f601000000000000000000000000000000000000000000000000000000
41482	79.815673	IN 	050001d8f50000000f09000200000000000000000060f000ffffff0000000000000000f60100000000000000e00177010d000601d8f5003e3a0000224080da02
41515	79.874269	OUT	050101d8f50000000f09000200000000000000000060f000ffff000000000000000000f601000000000000000000000000000000000000000000000000000000
41519	79.877675	IN 	050001d8f50000000f09000200000000000000000060f000ffffff0000000000000000f60100000000000000e001f80130000601d8f5003e3a0000220080da02
41548	79.935289	OUT	050101d8f50000000f09000200000000000000000060f000ffff000000000000000000f601000000000000000000000000000000000000000000000000000000
41552	79.938677	IN 	050001d8f50000000f09000200000000000000000060f000ffffff0000000000000000f60100000000000000e0010c042d000601d8f5003e3a0000224080da02
41587	79.999844	OUT	050101d8f50000000f09000200000000000000000060f000ffff000000000000000000f601000000000000000000000000000000000000000000000000000000
41589	80.002677	IN 	050001d8f50000000f09000200000000000000000060f000ffffff0000000000000000f60100000000000000e0010c042d000601d8f5003e3a0000224080da02
41618	80.062224	OUT	050101d8f50000000f09000200000000000000000060f000ffff000000000000000000f601000000000000000000000000000000000000000000000000000000
41624	80.065677	IN 	050001d8f50000000f09000200000000000000000060f000ffffff0000000000000000f60100000000000000e001b50220000601d8f5003e3a0000220080da02
41659	80.125754	OUT	050101d8f50000000f09000200000000000000000060f000ffff000000000000000000f601000000000000000000000000000000000000000000000000000000
41661	80.128675	IN 	050001d8f50000000f09000200000000000000000060f000ffffff0000000000000000f60100000000000000e001b50220000601d8f5003e3a0000220080da02
41696	80.187475	OUT	050101d8f50000000f09000200000000000000000060f000ffff000000000000000000f601000000000000000000000000000000000000000000000000000000
41700	80.190677	IN 	050001d8f50000000f09000200000000000000000060f000ffffff0000000000000000f60100000000000000e00198043c000601d8f5003e3a0000224080da02
41759	80.250071	OUT	050101d8f50000000f09000200000000000000000060f000ffff000000000000000000f601000000000000000000000000000000000000000000000000000000
41761	80.253677	IN 	050001d8f50000000f09000200000000000000000060f000ffffff0000000000000000f60100000000000000e0010c0220000601d8f5003e3a0000220080da02
41790	80.312988	OUT	050101d8f50000000f09000200000000000000000060f000ffff000000000000000000f601000000000000000000000000000000000000000000000000000000
41796	80.315676	IN 	050001d8f50000000f09000200000000000000000060f000ffffff0000000000000000f60100000000000000e0010c0220000601d8f5003e3a0000220080da02
41829	80.374438	OUT	050101d8f50000000f09000200000000000000000060f000ffff000000000000000000f601000000000000000000000000000000000000000000000000000000
41833	80.377680	IN 	050001d8f50000000f09000200000000000000000060f000ffffff0000000000000000f60100000000000000e001be0115000601d8f5003e3a0000224080da02
41862	80.437247	OUT	050101d8f50000000f09000200000000000000000060f000ffff000000000000000000f601000000000000000000000000000000000000000000000000000000
41866	80.440682	IN 	050001d8f50000000f09000200000000000000000060f000ffffff0000000000000000f60100000000000000e001430311000601d8f5003e3a0000220080da02
41907	80.499994	OUT	050101d8f50000000f09000200000000000000000060f000ffff000000000000000000f601000000000000000000000000000000000000000000000000000000
41909	80.502684	IN 	050001d8f50000000f09000200000000000000000060f000ffffff0000000000000000f60100000000000000e001430311000601d8f5003e3a0000220080da02
41938	80.562412	OUT	050101d8f50000000f09000200000000000000000060f000ffff000000000000000000f601000000000000000000000000000000000000000000000000000000
41944	80.565679	IN 	050001d8f50000000f09000200000000000000000060f000ffffff0000000000000000f60100000000000000e001e5022d000601d8f5003e3a0000224080da02
41979	80.625908	OUT	050101d8f50000000f09000200000000000000000060f000ffff000000000000000000f601000000000000000000000000000000000000000000000000000000
41981	80.628680	IN 	050001d8f50000000f09000200000000000000000060f000ffffff0000000000000000f60100000000000000e001e5022d000601d8f5003e3a0000224080da02
42010	80.688541	OUT	050101d8f50000000f09000200000000000000000060f000ffff000000000000000000f601000000000000000000000000000000000000000000000000000000
42014	80.691684	IN 	050001d8f50000000f09000200000000000000000060f000ffffff0000000000000000f60100000000000000e001d30221000601d8f5003e3a0000220080da02
42049	80.751743	OUT	050101d8f50000000f09000200000000000000000060f000ffff000000000000000000f601000000000000000000000000000000000000000000000000000000
42051	80.754689	IN 	050001d8f50000000f09000200000000000000000060f000ffffff0000000000000000f60100000000000000e001a30221000601d8f5003e3a0000224080da02
42104	80.812570	OUT	050101d8f50000000f09000200000000000000000060f000ffff000000000000000000f601000000000000000000000000000000000000000000000000000000
42108	80.815683	IN 	050001d8f50000000f09000200000000000000000060f000ffffff0000000000000000f60100000000000000e001a30221000601d8f5003e3a0000224080da02
42151	80.875643	OUT	050101d8f50000000f09000200000000000000000060f000ffff000000000000000000f601000000000000000000000000000000000000000000000000000000
42153	80.878681	IN 	050001d8f50000000f09000200000000000000000060f000ffffff0000000000000000f60100000000000000e001a00006000601d8f5003e3a0000220080da02
42182	80.939522	OUT	050101d8f50000000f09000200000000000000000060f000ffff000000000000000000f601000000000000000000000000000000000000000000000000000000
42186	80.942684	IN 	050001d8f50000000f09000200000000000000000060f000ffffff0000000000000000f60100000000000000e0011b010b000601d8f5003e3a0000224080da02
42221	81.003211	OUT	050101d8f50000000f09000200000000000000000060f000ffff000000000000000000f601000000000000000000000000000000000000000000000000000000
42225	81.006683	IN 	050001d8f50000000f09000200000000000000000060f000ffffff0000000000000000f60100000000000000e0011b010b000601d8f5003e3a0000224080da02
42254	81.066425	OUT	050101d8f50000000f09000200000000000000000060f000ffff000000000000000000f601000000000000000000000000000000000000000000000000000000
42258	81.069683	IN 	050001d8f50000000f09000200000000000000000060f000ffffff0000000000000000f60100000000000000e001fe011d000601d8f5003e3a0000220080da02
42293	81.127676	OUT	050101d8f50000000f09000200000000000000000060f000ffff000000000000000000f601000000000000000000000000000000000000000000000000000000
42295	81.130688	IN 	050001d8f50000000f09000200000000000000000060f000ffffff0000000000000000f60100000000000000e001fe011d000601d8f5003e3a0000220080da02
42330	81.190509	OUT	050101d8f50000000f09000200000000000000000060f000ffff000000000000000000f601000000000000000000000000000000000000000000000000000000
42334	81.193685	IN 	050001d8f50000000f09000200000000000000000060f000ffffff0000000000000000f60100000000000000e0010c042c000601d8f5003e3a0000224080da02
42403	81.251548	OUT	050101d8f50000000f09000200000000000000000060f000ffff000000000000000000f601000000000000000000000000000000000000000000000000000000
42405	81.254686	IN 	050001d8f50000000f09000200000000000000000060f000ffffff0000000000000000f60100000000000000e001a50110000601d8f5003e3a0000220080da02
42452	81.315355	OUT	050101d8f50000000f09000200000000000000000060f000ffff000000000000000000f601000000000000000000000000000000000000000000000000000000
42458	81.318685	IN 	050001d8f50000000f09000200000000000000000060f000ffffff0000000000000000f60100000000000000e001a50110000601d8f5003e3a0000220080da02
42505	81.377928	OUT	050101d8f50000000f09000200000000000000000060f000ffff000000000000000000f601000000000000000000000000000000000000000000000000000000
42507	81.380690	IN 	050001d8f50000000f09000200000000000000000060f000ffffff0000000000000000f60100000000000000e0016b0116000601d8f5003e3a0000224080da02
42536	81.440352	OUT	050101d8f50000000f09000200000000000000000060f000ffff000000000000000000f601000000000000000000000000000000000000000000000000000000
42540	81.443688	IN 	050001d8f50000000f09000200000000000000000060f000ffffff0000000000000000f60100000000000000e001690006000601d8f5003e3a0000220080da02
42575	81.503306	OUT	050101d8f50000000f09000200000000000000000060f000ffff000000000000000000f601000000000000000000000000000000000000000000000000000000
42579	81.506690	IN 	050001d8f50000000f09000200000000000000000060f000ffffff0000000000000000f60100000000000000e001690006000601d8f5003e3a0000220080da02
42618	81.565225	OUT	050101d8f50000000f09000200000000000000000060f000ffff000000000000000000f601000000000000000000000000000000000000000000000000000000
42622	81.568690	IN 	050001d8f50000000f09000200000000000000000060f000ffffff0000000000000000f60100000000000000e0012d031e000601d8f5003e3a0000224080da02
42657	81.626525	OUT	050101d8f50000000f09000200000000000000000060f000ffff000000000000000000f601000000000000000000000000000000000000000000000000000000
42659	81.629689	IN 	050001d8f50000000f09000200000000000000000060f000ffffff0000000000000000f60100000000000000e0012d031e000601d8f5003e3a0000224080da02
42686	81.685218	OUT	050101d8f50000000f09000200000000000000000060f000ffff000000000000000000f601000000000000000000000000000000000000000000000000000000
42690	81.688690	IN 	050001d8f50000000f09000200000000000000000060f000ffffff0000000000000000f60100000000000000e001970221000601d8f5003e3a0000220080da02
42727	81.750636	OUT	050101d8f50000000f09000200000000000000000060f000ffff000000000000000000f601000000000000000000000000000000000000000000000000000000
42729	81.753691	IN 	050001d8f50000000f09000200000000000000000060f000ffffff0000000000000000f60100000000000000e00119033f000601d8f5003e3a0000224080da02
42782	81.813094	OUT	050101d8f50000000f09000200000000000000000060f000ffff000000000000000000f601000000000000000000000000000000000000000000000000000000
42788	81.816691	IN 	050001d8f50000000f09000200000000000000000060f000ffffff0000000000000000f60100000000000000e00119033f000601d8f5003e3a0000224080da02
42829	81.875641	OUT	050101d8f50000000f09000200000000000000000060f000ffff000000000000000000f601000000000000000000000000000000000000000000000000000000
42831	81.878694	IN 	050001d8f50000000f09000200000000000000000060f000ffffff0000000000000000f60100000000000000e0012b052d000601d8f5003e3a0000220080da02
42872	81.939256	OUT	050101d8f50000000f09000200000000000000000060f000ffff000000000000000000f601000000000000000000000000000000000000000000000000000000
42878	81.942694	IN 	050001d8f50000000f09000200000000000000000060f000ffffff0000000000000000f60100000000000000e0012b052d000601d8f5003e3a0000220080da02
42929	82.001617	OUT	050101d8f50000000f09000200000000000000000060f000ffff000000000000000000f601000000000000000000000000000000000000000000000000000000
42931	82.004692	IN 	050001d8f50000000f09000200000000000000000060f000ffffff0000000000000000f60100000000000000e001520322000601d8f5003e3a0000224080da02
42972	82.065288	OUT	050101d8f50000000f09000200000000000000000060f000ffff000000000000000000f601000000000000000000000000000000000000000000000000000000
42978	82.068694	IN 	050001d8f50000000f09000200000000000000000060f000ffffff0000000000000000f60100000000000000e0011d0107000601d8f5003e3a0000220080da02
43019	82.125962	OUT	050101d8f50000000f09000200000000000000000060f000ffff000000000000000000f601000000000000000000000000000000000000000000000000000000
43021	82.128695	IN 	050001d8f50000000f09000200000000000000000060f000ffffff0000000000000000f60100000000000000e0011d0107000601d8f5003e3a0000220080da02
43050	82.189717	OUT	050101d8f50000000f09000200000000000000000060f000ffff000000000000000000f601000000000000000000000000000000000000000000000000000000
43054	82.192695	IN 	050001d8f50000000f09000200000000000000000060f000ffffff0000000000000000f60100000000000000e001440219000601d8f5003e3a0000224080da02
43119	82.251597	OUT	050101d8f50000000f09000200000000000000000060f000ffff000000000000000000f601000000000000000000000000000000000000000000000000000000
43121	82.254698	IN 	050001d8f50000000f09000200000000000000000060f000ffffff0000000000000000f60100000000000000e001e70114000601d8f5003e3a0000220080da02
43150	82.314337	OUT	050101d8f50000000f09000200000000000000000060f000ffff000000000000000000f601000000000000000000000000000000000000000000000000000000
43156	82.317697	IN 	050001d8f50000000f09000200000000000000000060f000ffffff0000000000000000f60100000000000000e001e70114000601d8f5003e3a0000220080da02
43191	82.376036	OUT	050101d8f50000000f09000200000000000000000060f000ffff000000000000000000f601000000000000000000000000000000000000000000000000000000
43193	82.378702	IN 	050001d8f50000000f09000200000000000000000060f000ffffff0000000000000000f60100000000000000e001350427000601d8f5003e3a0000224080da02
43222	82.437355	OUT	050101d8f50000000f09000200000000000000000060f000ffff000000000000000000f601000000000000000000000000000000000000000000000000000000
43226	82.440843	IN 	050001d8f50000000f09000200000000000000000060f000ffffff0000000000000000f60100000000000000e001350427000601d8f5003e3a0000224080da02
43261	82.500336	OUT	050101d8f50000000f09000200000000000000000060f000ffff000000000000000000f601000000000000000000000000000000000000000000000000000000
43263	82.503697	IN 	050001d8f50000000f09000200000000000000000060f000ffffff0000000000000000f60100000000000000e001980326000601d8f5003e3a0000220080da02
43298	82.561511	OUT	050101d8f50000000f09000200000000000000000060f000ffff000000000000000000f601000000000000000000000000000000000000000000000000000000
43300	82.564699	IN 	050001d8f50000000f09000200000000000000000060f000ffffff0000000000000000f60100000000000000e001190323000601d8f5003e3a0000224080da02
43341	82.625417	OUT	050101d8f50000000f09000200000000000000000060f000ffff000000000000000000f601000000000000000000000000000000000000000000000000000000
43343	82.628699	IN 	050001d8f50000000f09000200000000000000000060f000ffffff0000000000000000f60100000000000000e001190323000601d8f5003e3a0000224080da02
43376	82.687942	OUT	050101d8f50000000f09000200000000000000000060f000ffff000000000000000000f601000000000000000000000000000000000000000000000000000000
43380	82.690898	IN 	050001d8f50000000f09000200000000000000000060f000ffffff0000000000000000f60100000000000000e001be021d000601d8f5003e3a0000220080da02
43415	82.750297	OUT	050101d8f50000000f09000200000000000000000060f000ffff000000000000000000f601000000000000000000000000000000000000000000000000000000
43417	82.753701	IN 	050001d8f50000000f09000200000000000000000060f000ffffff0000000000000000f60100000000000000e001410112000601d8f5003e3a0000224080da02
43470	82.812594	OUT	050101d8f50000000f09000200000000000000000060f000ffff000000000000000000f601000000000000000000000000000000000000000000000000000000
43476	82.815700	IN 	050001d8f50000000f09000200000000000000000060f000ffffff0000000000000000f60100000000000000e001410112000601d8f5003e3a0000224080da02
43509	82.873972	OUT	050101d8f50000000f09000200000000000000000060f000ffff000000000000000000f601000000000000000000000000000000000000000000000000000000
43513	82.876703	IN 	050001d8f50000000f09000200000000000000000060f000ffffff0000000000000000f60100000000000000e001f60114000601d8f5003e3a0000220080da02
